{
  "l2_scores": [
    -1.9999995121854846,
    -1.99999943968107,
    -1.999999586324832,
    -1.9999994306637576,
    -1.9999995216349904,
    -1.999999639839112,
    -1.9999995230104186,
    -1.9999996519122856,
    -1.9999993643931526,
    -1.9999996118846184,
    -1.9999995502331296,
    -1.9999996206043698,
    -1.9999997120900361,
    -1.9999995997963573,
    -1.9999996554547463,
    -1.9999997001946375,
    -1.9999996119130037,
    -1.9999997480549867,
    -1.9999997736955217,
    -1.9999996816506258,
    -1.9999996189346174,
    -1.9999995991444883,
    -1.999999233948856,
    -1.9999996436786949,
    -1.9999996374687834,
    -1.999999612630231,
    -1.9999997715544846,
    -1.9999995567064834,
    -1.9999994502755596,
    -1.9999995971700886,
    -1.9999995968334687,
    -1.9999993625294397,
    -1.9999994235808662,
    -1.9999994809530077,
    -1.9999995802913455,
    -1.99999967215307,
    -1.9999997052922027,
    -1.9999996204875021,
    -1.9999995997888744,
    -1.999999524027952,
    -1.9999994940383825,
    -1.9999994686607196,
    -1.9999996677815208,
    -1.9999993208012494,
    -1.9999996006765182,
    -1.999999378762263,
    -1.999999573724878,
    -1.9999996326947997,
    -1.9999995380516657,
    -1.9999997571140509,
    -1.999999518171633,
    -1.999999403202594,
    -1.9999996274302145,
    -1.999999504284699,
    -1.9999993522721586,
    -1.999999618492743,
    -1.9999995520809208,
    -1.999999562799236,
    -1.9999995924795888,
    -1.9999995551001073,
    -1.9999997255073367,
    -1.9999995569058397,
    -1.9999994978883822,
    -1.9999994772655718
  ],
  "l2_nearest": [
    8382,
    27582,
    19918,
    37920,
    34724,
    51724,
    1080,
    32743,
    21618,
    8080,
    17664,
    21618,
    37110,
    28984,
    37920,
    21618,
    57362,
    33706,
    11522,
    11508,
    20132,
    27582,
    37920,
    37920,
    17664,
    17664,
    4484,
    53792,
    21618,
    23390,
    46001,
    49398,
    8382,
    8382,
    51724,
    14228,
    37920,
    418,
    21618,
    11604,
    37920,
    20534,
    53792,
    17639,
    56939,
    11498,
    51468,
    8080,
    29868,
    41956,
    37920,
    29432,
    46107,
    53866,
    21424,
    16100,
    27582,
    45875,
    21618,
    27582,
    4484,
    21618,
    59734,
    37110
  ],
  "ssim_scores": [
    -2.000318503740721,
    -2.000199728810104,
    -2.000142749765762,
    -2.0001932165643366,
    -2.0002161492172417,
    -2.000290430929556,
    -2.000313999751596,
    -2.000309400890598,
    -2.0003558313843417,
    -2.000231460482256,
    -2.0002028858355407,
    -2.000293933299112,
    -2.000340357412525,
    -2.0001820429847372,
    -2.0003075289451053,
    -2.000150172731972,
    -2.00019528761805,
    -2.000248949497095,
    -2.0002112567012866,
    -2.000299780897648,
    -2.0002771528187457,
    -2.0001546901116014,
    -2.000202487549918,
    -2.0002711061790093,
    -2.000186170843188,
    -2.0001892299207675,
    -2.0002558979562526,
    -2.0001306444030598,
    -2.0003038388735974,
    -2.0002240720212634,
    -2.0002088104642572,
    -2.000271281112013,
    -2.0001204987483363,
    -2.000292185440053,
    -2.000158518211873,
    -2.0002211636953096,
    -2.0002993693025886,
    -2.0002467523006504,
    -2.0002132078599173,
    -2.0004077396890456,
    -2.0002222011907156,
    -2.0003824998064195,
    -2.0003089620051075,
    -2.0002877165506527,
    -2.0002136390004983,
    -2.0002073512690957,
    -2.000350038637976,
    -2.000294754316042,
    -2.000249983476484,
    -2.0002164335712025,
    -2.00027646233706,
    -2.0002189938696042,
    -2.000255114430564,
    -2.00019454909235,
    -2.0001888063268,
    -2.0002903322536305,
    -2.0002632462646477,
    -2.000263845863655,
    -2.00037006037262,
    -2.00032850047921,
    -2.0003199260356266,
    -2.0001536441972765,
    -2.000239455006182,
    -2.0001791037671985
  ],
  "ssim_nearest": [
    21618,
    21618,
    17664,
    21618,
    17664,
    21618,
    21618,
    21618,
    21618,
    21618,
    17664,
    17664,
    21618,
    21618,
    21618,
    37920,
    57362,
    17664,
    37920,
    37920,
    21618,
    17664,
    37920,
    37920,
    21618,
    21618,
    21618,
    17664,
    21618,
    17664,
    21618,
    37920,
    21618,
    17664,
    21618,
    21618,
    37920,
    37920,
    21618,
    21618,
    37920,
    17664,
    21618,
    37920,
    21618,
    21618,
    17664,
    37920,
    37920,
    21618,
    37920,
    17664,
    17664,
    37920,
    21618,
    21618,
    17664,
    17664,
    21618,
    21618,
    21618,
    21618,
    21618,
    17664
  ]
}